{
  "model": "DeiT-Tiny",
  "dataset": "ImageNet",
  "timestamp": "2025-12-09T18:32:40.285834",
  "energy_results": {
    "FP32": {
      "total_energy": 11047516672.0,
      "mac_energy": 550428672.0,
      "memory_energy": 10497088000.0,
      "relative_energy": 1.0,
      "energy_savings": 0.0
    },
    "8-bit": {
      "total_energy": 2658673792.0,
      "mac_energy": 34401792.0,
      "memory_energy": 2624272000.0,
      "relative_energy": 0.24065804749934666,
      "energy_savings": 0.7593419525006533
    },
    "6-bit": {
      "total_energy": 1987555008.0,
      "mac_energy": 19351008.0,
      "memory_energy": 1968204000.0,
      "relative_energy": 0.17990966359321914,
      "energy_savings": 0.8200903364067809
    },
    "4-bit": {
      "total_energy": 1320736448.0,
      "mac_energy": 8600448.0,
      "memory_energy": 1312136000.0,
      "relative_energy": 0.11955052770795221,
      "energy_savings": 0.8804494722920477
    },
    "Mixed": {
      "total_energy": 2111379008.0,
      "mac_energy": 19924608.0,
      "memory_energy": 2091454400.0,
      "relative_energy": 0.19111797435448125,
      "energy_savings": 0.8088820256455187
    }
  },
  "pareto_data": {
    "FP32": {
      "accuracy": 85.34,
      "energy": 1.0
    },
    "8-bit": {
      "accuracy": 85.1,
      "energy": 0.24065804749934666
    },
    "6-bit": {
      "accuracy": 85.01,
      "energy": 0.17990966359321914
    },
    "4-bit": {
      "accuracy": 83.04,
      "energy": 0.11955052770795221
    },
    "Mixed": {
      "accuracy": 85.05,
      "energy": 0.19111797435448125
    }
  },
  "bitwidth_distribution": {
    "4": 13,
    "6": 24,
    "8": 13
  }
}